product_id,product_category,product_weight_g,product_length_cm,product_height_cm,product_width_cm
PROD11889,Fashion,200,5,17,19
PROD10238,Home,200,5,47,31
PROD11106,Fashion,200,6,41,4
PROD11802,Home,200,6,30,33
PROD11063,Electronics,200,7,20,2
PROD10440,Beauty,200,7,49,6
PROD10925,Electronics,200,7,24,10
PROD10339,Fashion,200,8,27,8
PROD10050,Electronics,200,8,16,26
PROD10291,Electronics,200,8,33,45
PROD10639,Beauty,200,9,13,8
PROD11808,Electronics,200,9,13,20
PROD11840,Home,200,9,28,41
PROD10296,Home,200,10,5,7
PROD11668,Fashion,200,10,2,13
PROD10244,Beauty,200,10,33,30
PROD10754,Fashion,200,10,19,43
PROD11188,Electronics,200,11,37,10
PROD11115,Beauty,200,11,41,11
PROD10189,Beauty,200,11,32,26
PROD10579,Fashion,200,11,10,42
PROD11674,Electronics,200,12,39,20
PROD11450,Home,200,12,37,24
PROD11037,Home,200,12,37,43
PROD11994,Beauty,200,13,43,27
PROD10045,Unknown,200,13,39,32
PROD11362,Home,200,13,47,36
PROD11777,Home,200,13,30,42
PROD10056,Unknown,200,13,4,44
PROD10067,Beauty,200,14,20,27
PROD10944,Fashion,200,14,4,31
PROD10344,Electronics,200,14,20,31
PROD11375,Fashion,200,14,17,32
PROD11985,Fashion,200,15,20,25
PROD10795,Electronics,200,16,29,15
PROD11248,Fashion,200,16,33,39
PROD10918,Beauty,200,17,14,6
PROD10685,Fashion,200,17,7,14
PROD10465,Fashion,200,17,34,25
PROD11030,Home,200,17,13,33
PROD11024,Fashion,200,17,16,39
PROD11892,Electronics,200,17,20,44
PROD10161,Beauty,200,17,27,48
PROD10264,Home,200,18,30,12
PROD10873,Home,200,18,44,12
PROD10224,Electronics,200,18,42,29
PROD10718,Unknown,200,19,6,4
PROD10113,Home,200,19,17,11
PROD11513,Electronics,200,19,2,31
PROD10202,Unknown,200,20,38,20
PROD10726,Electronics,200,20,6,32
PROD10204,Unknown,200,20,22,44
PROD11189,Electronics,200,21,27,8
PROD10632,Electronics,200,22,44,17
PROD10586,Fashion,200,22,47,37
PROD11973,Electronics,200,22,31,43
PROD10191,Electronics,200,23,6,23
PROD11003,Beauty,200,25,13,4
PROD11977,Beauty,200,25,26,14
PROD10752,Fashion,200,25,11,31
PROD11638,Beauty,200,25,28,32
PROD11750,Home,200,25,14,33
PROD10186,Electronics,200,25,39,39
PROD11183,Fashion,200,26,12,11
PROD11716,Unknown,200,27,19,15
PROD11990,Unknown,200,27,19,28
PROD11305,Fashion,200,27,32,47
PROD11285,Home,200,28,29,4
PROD10566,Beauty,200,28,41,9
PROD11337,Electronics,200,28,40,23
PROD11648,Electronics,200,28,20,35
PROD10987,Beauty,200,28,18,38
PROD11516,Home,200,28,8,39
PROD11847,Fashion,200,29,47,2
PROD10435,Beauty,200,29,46,32
PROD11597,Home,200,30,6,2
PROD10265,Electronics,200,30,39,5
PROD11686,Beauty,200,30,6,6
PROD11146,Fashion,200,30,40,24
PROD11624,Beauty,200,30,33,26
PROD10280,Home,200,30,7,28
PROD10106,Beauty,200,30,49,41
PROD10582,Electronics,200,30,33,44
PROD10532,Electronics,200,30,34,44
PROD10060,Fashion,200,30,46,47
PROD10261,Electronics,200,31,24,10
PROD11903,Beauty,200,31,36,24
PROD10999,Electronics,200,31,19,25
PROD11102,Unknown,200,31,43,44
PROD11507,Electronics,200,32,13,11
PROD10603,Electronics,200,32,10,17
PROD11853,Home,200,32,48,20
PROD11707,Electronics,200,32,3,36
PROD11933,Electronics,200,32,26,40
PROD11729,Electronics,200,33,25,3
PROD11958,Unknown,200,33,12,24
PROD11972,Home,200,33,10,36
PROD10122,Beauty,200,34,29,5
PROD10229,Electronics,200,34,41,23
PROD10256,Electronics,200,34,35,43
PROD10452,Electronics,200,35,45,29
PROD10168,Unknown,200,35,34,32
PROD10634,Unknown,200,36,33,11
PROD11077,Electronics,200,36,26,26
PROD10619,Beauty,200,36,39,48
PROD10830,Beauty,200,37,34,14
PROD11607,Home,200,37,15,30
PROD10333,Home,200,37,18,30
PROD10856,Electronics,200,37,21,40
PROD11772,Beauty,200,38,39,13
PROD10384,Fashion,200,39,35,6
PROD11017,Unknown,200,39,17,23
PROD10559,Home,200,39,5,25
PROD11605,Electronics,200,39,27,42
PROD10801,Electronics,200,39,33,49
PROD11433,Home,200,40,16,6
PROD10174,Beauty,200,40,6,12
PROD10254,Fashion,200,40,22,13
PROD10928,Home,200,40,49,18
PROD10311,Beauty,200,40,16,42
PROD11009,Home,200,41,27,14
PROD11292,Electronics,200,41,38,25
PROD11247,Electronics,200,41,19,34
PROD10355,Home,200,42,8,7
PROD10194,Home,200,42,33,16
PROD10804,Electronics,200,42,27,26
PROD11315,Electronics,200,43,19,16
PROD10394,Fashion,200,43,23,25
PROD10231,Electronics,200,43,19,33
PROD11658,Electronics,200,43,48,44
PROD10247,Electronics,200,44,38,2
PROD10290,Electronics,200,44,6,25
PROD11504,Beauty,200,44,10,33
PROD10346,Electronics,200,44,25,45
PROD11968,Electronics,200,45,48,3
PROD11110,Fashion,200,45,28,20
PROD11582,Electronics,200,45,23,30
PROD11888,Fashion,200,46,9,17
PROD10313,Home,200,46,12,34
PROD11098,Electronics,200,46,41,34
PROD11916,Fashion,200,46,38,46
PROD10547,Fashion,200,47,2,3
PROD10021,Home,200,47,2,21
PROD10690,Fashion,200,47,36,26
PROD10011,Beauty,200,47,31,30
PROD11330,Fashion,200,48,31,13
PROD10309,Beauty,200,48,32,26
PROD10580,Electronics,200,49,31,34
PROD10118,Unknown,200,50,49,18
PROD11699,Electronics,200,50,20,21
PROD10674,Beauty,200,50,24,33
PROD10557,Fashion,200,50,23,39
PROD11000,Electronics,200,51,22,19
PROD10478,Fashion,200,51,27,29
PROD11945,Fashion,200,51,27,31
PROD11277,Electronics,200,51,44,34
PROD10735,Fashion,200,51,22,43
PROD11441,Fashion,200,51,6,45
PROD11087,Unknown,200,52,14,8
PROD11620,Beauty,200,52,38,10
PROD11721,Beauty,200,52,24,41
PROD10861,Fashion,200,52,5,45
PROD10584,Electronics,200,53,25,8
PROD11448,Electronics,200,53,26,16
PROD11703,Fashion,200,53,46,25
PROD10436,Electronics,200,53,24,35
PROD10972,Electronics,200,53,47,43
PROD10453,Home,200,53,28,44
PROD11293,Electronics,200,53,10,47
PROD11751,Fashion,200,54,7,13
PROD10210,Beauty,200,54,25,22
PROD11823,Beauty,200,54,48,41
PROD11269,Unknown,200,54,39,44
PROD10703,Electronics,200,55,38,6
PROD10430,Beauty,200,55,9,10
PROD11662,Home,200,55,5,24
PROD10042,Beauty,200,56,28,8
PROD11221,Electronics,200,56,4,24
PROD10605,Electronics,200,56,32,29
PROD10717,Fashion,200,56,25,44
PROD11313,Beauty,200,57,6,9
PROD10827,Fashion,200,57,22,25
PROD11299,Home,200,58,38,9
PROD10353,Unknown,200,58,18,33
PROD10398,Beauty,200,59,34,38
PROD10410,Electronics,200,60,41,8
PROD11386,Home,200,60,7,22
PROD10172,Electronics,200,60,21,30
PROD11244,Home,200,60,26,32
PROD10214,Fashion,200,60,6,33
PROD10071,Electronics,200,60,25,34
PROD11217,Fashion,200,60,7,35
PROD11820,Home,200,60,37,43
PROD11353,Unknown,200,60,17,46
PROD11057,Fashion,200,60,20,48
PROD10383,Fashion,200,61,14,24
PROD11121,Electronics,200,61,37,36
PROD10132,Beauty,200,62,21,7
PROD11456,Home,200,62,40,14
PROD11048,Electronics,200,62,4,19
PROD11210,Beauty,200,62,31,27
PROD11629,Unknown,200,62,34,41
PROD11377,Electronics,200,63,31,46
PROD10442,Electronics,200,63,32,48
PROD10933,Home,200,64,5,9
PROD11788,Electronics,200,64,49,25
PROD11956,Beauty,200,64,14,27
PROD10455,Beauty,200,64,48,34
PROD11352,Electronics,200,64,35,35
PROD11866,Unknown,200,64,39,44
PROD10900,Electronics,200,65,37,24
PROD10912,Home,200,65,47,36
PROD11396,Electronics,200,66,47,8
PROD11979,Beauty,200,66,13,11
PROD10607,Fashion,200,66,8,28
PROD10422,Beauty,200,66,16,38
PROD10914,Electronics,200,67,32,12
PROD11640,Electronics,200,67,17,14
PROD11946,Electronics,200,67,38,20
PROD11454,Beauty,200,67,11,27
PROD10448,Fashion,200,67,34,31
PROD10080,Electronics,200,67,36,46
PROD10793,Electronics,200,68,39,3
PROD11795,Electronics,200,68,32,11
PROD11145,Home,200,68,23,29
PROD10187,Electronics,200,68,20,30
PROD11860,Fashion,200,68,44,34
PROD10767,Electronics,200,69,4,7
PROD10303,Beauty,200,69,30,41
PROD11894,Beauty,200,69,45,49
PROD11231,Fashion,200,70,44,2
PROD10822,Beauty,200,70,26,19
PROD10815,Beauty,200,70,16,23
PROD11394,Beauty,200,71,33,27
PROD10653,Beauty,200,71,42,33
PROD10341,Electronics,200,71,38,44
PROD10387,Unknown,200,71,29,47
PROD10049,Electronics,200,72,20,27
PROD10294,Fashion,200,72,29,34
PROD10335,Fashion,200,73,34,27
PROD11156,Unknown,200,74,47,6
PROD10583,Home,200,74,9,18
PROD10768,Electronics,200,74,5,28
PROD11083,Beauty,200,74,16,49
PROD11869,Home,200,75,5,2
PROD10739,Electronics,200,75,31,19
PROD10567,Electronics,200,75,20,30
PROD10541,Fashion,200,75,4,35
PROD10284,Home,200,75,49,40
PROD11054,Unknown,200,75,46,46
PROD10420,Home,200,76,12,7
PROD10993,Electronics,200,76,32,19
PROD10184,Unknown,200,76,9,40
PROD11789,Electronics,200,76,33,42
PROD11407,Fashion,200,76,11,46
PROD10550,Home,200,78,43,23
PROD10876,Beauty,200,78,14,27
PROD10675,Fashion,200,78,34,43
PROD11982,Home,200,79,4,10
PROD10921,Beauty,200,79,13,45
PROD11897,Electronics,200,80,13,2
PROD11550,Beauty,200,80,39,14
PROD11006,Fashion,200,80,12,17
PROD11997,Unknown,200,80,13,30
PROD10263,Beauty,200,81,32,2
PROD10275,Electronics,200,81,14,4
PROD11366,Fashion,200,81,5,13
PROD10220,Home,200,81,11,34
PROD10695,Fashion,200,82,19,30
PROD11761,Unknown,200,83,25,26
PROD10434,Beauty,200,84,2,8
PROD11035,Beauty,200,84,25,10
PROD10423,Electronics,200,84,38,27
PROD11593,Electronics,200,84,40,37
PROD10616,Beauty,200,85,39,5
PROD11651,Fashion,200,85,12,9
PROD10523,Electronics,200,85,7,34
PROD11503,Fashion,200,85,16,42
PROD10230,Electronics,200,85,13,43
PROD10786,Fashion,200,85,26,49
PROD11771,Home,200,86,34,40
PROD10404,Electronics,200,86,27,42
PROD10276,Fashion,200,87,6,12
PROD11696,Electronics,200,87,43,15
PROD10212,Electronics,200,87,42,28
PROD11435,Electronics,200,87,24,31
PROD11659,Electronics,200,87,25,44
PROD11641,Electronics,200,87,11,46
PROD11602,Fashion,200,88,18,2
PROD10897,Electronics,200,88,27,30
PROD10325,Fashion,200,88,33,48
PROD11870,Electronics,200,89,4,24
PROD11560,Electronics,200,89,12,30
PROD10745,Beauty,200,89,16,40
PROD10888,Electronics,200,89,11,41
PROD10705,Home,200,89,45,41
PROD11723,Fashion,200,89,43,44
PROD10053,Electronics,200,89,12,45
PROD11856,Home,200,89,18,45
PROD11822,Electronics,200,90,37,10
PROD11287,Electronics,200,90,7,23
PROD11018,Home,200,90,49,25
PROD11481,Fashion,200,91,26,19
PROD10713,Fashion,200,91,23,33
PROD11437,Electronics,200,91,44,42
PROD11691,Beauty,200,92,49,7
PROD11161,Fashion,200,92,42,8
PROD11142,Beauty,200,92,44,33
PROD10515,Electronics,200,92,27,48
PROD11756,Unknown,200,94,31,14
PROD10157,Electronics,200,94,23,30
PROD10770,Fashion,200,95,48,11
PROD10959,Fashion,200,95,44,16
PROD11921,Fashion,200,95,4,18
PROD11556,Home,200,95,27,18
PROD10677,Home,200,96,43,28
PROD11737,Fashion,200,96,38,30
PROD10425,Beauty,200,96,49,38
PROD11724,Unknown,200,96,47,40
PROD11914,Electronics,200,97,39,5
PROD10123,Electronics,200,97,46,10
PROD11767,Electronics,200,97,4,12
PROD11735,Beauty,200,97,6,31
PROD11787,Electronics,200,97,35,32
PROD11381,Electronics,200,98,30,29
PROD10454,Home,200,98,24,33
PROD11522,Unknown,200,98,39,33
PROD10803,Beauty,200,98,40,48
PROD10099,Beauty,200,99,49,30
PROD11369,Unknown,200,99,16,38
PROD11473,Beauty,200,99,9,44
PROD11303,Electronics,500,6,2,23
PROD10687,Electronics,500,7,14,6
PROD10236,Electronics,500,7,46,8
PROD10301,Fashion,500,7,12,22
PROD11365,Home,500,7,11,29
PROD11434,Electronics,500,7,7,43
PROD11461,Beauty,500,8,41,5
PROD11819,Home,500,8,21,8
PROD10077,Beauty,500,8,47,31
PROD11120,Electronics,500,8,28,45
PROD10471,Beauty,500,8,16,46
PROD11479,Electronics,500,8,15,48
PROD11070,Beauty,500,9,43,12
PROD10683,Beauty,500,9,16,44
PROD11032,Home,500,10,26,15
PROD10363,Fashion,500,10,49,18
PROD11713,Fashion,500,10,30,27
PROD10736,Electronics,500,10,14,33
PROD10942,Unknown,500,10,29,43
PROD10539,Fashion,500,11,49,7
PROD11480,Home,500,11,49,7
PROD11567,Fashion,500,11,34,18
PROD10315,Fashion,500,11,20,24
PROD11170,Electronics,500,11,48,24
PROD11533,Electronics,500,11,27,30
PROD10840,Fashion,500,11,47,31
PROD11357,Fashion,500,11,33,37
PROD10659,Home,500,11,32,47
PROD10831,Electronics,500,12,46,7
PROD10272,Beauty,500,12,34,15
PROD11575,Electronics,500,12,40,21
PROD11320,Electronics,500,12,48,37
PROD10738,Beauty,500,12,45,41
PROD10285,Beauty,500,13,6,36
PROD10043,Home,500,14,27,19
PROD11226,Unknown,500,14,7,35
PROD11332,Electronics,500,15,2,14
PROD11835,Home,500,15,16,28
PROD11852,Electronics,500,16,28,15
PROD10763,Electronics,500,16,12,33
PROD11527,Unknown,500,16,13,38
PROD11059,Electronics,500,17,6,6
PROD10151,Electronics,500,17,40,26
PROD10316,Home,500,17,10,45
PROD10595,Electronics,500,18,39,3
PROD11002,Electronics,500,18,33,13
PROD11843,Fashion,500,18,42,27
PROD11872,Home,500,18,31,35
PROD10879,Beauty,500,19,48,16
PROD10183,Unknown,500,19,3,33
PROD11548,Fashion,500,19,43,38
PROD11976,Beauty,500,21,26,10
PROD11401,Electronics,500,21,14,25
PROD11680,Fashion,500,21,30,28
PROD11577,Fashion,500,21,21,35
PROD11432,Home,500,22,3,4
PROD10518,Electronics,500,22,26,4
PROD10966,Home,500,23,3,14
PROD10828,Beauty,500,23,37,27
PROD10020,Home,500,23,22,44
PROD10270,Home,500,24,36,6
PROD11618,Unknown,500,24,35,43
PROD10998,Fashion,500,25,35,41
PROD10431,Electronics,500,26,38,16
PROD11557,Unknown,500,26,16,26
PROD11890,Home,500,26,10,34
PROD10317,Unknown,500,26,26,49
PROD11650,Home,500,27,36,21
PROD10697,Fashion,500,27,47,44
PROD10646,Electronics,500,27,38,48
PROD10055,Unknown,500,29,9,9
PROD11294,Fashion,500,29,18,12
PROD10154,Beauty,500,29,8,45
PROD10663,Home,500,31,48,21
PROD11413,Home,500,31,3,29
PROD10413,Home,500,31,26,43
PROD11574,Fashion,500,32,33,2
PROD11936,Beauty,500,32,16,6
PROD11924,Beauty,500,32,43,11
PROD11568,Electronics,500,33,45,24
PROD10711,Beauty,500,33,15,27
PROD11194,Fashion,500,33,5,35
PROD11470,Electronics,500,33,30,47
PROD11920,Electronics,500,34,23,6
PROD10273,Fashion,500,34,18,22
PROD10489,Electronics,500,34,16,48
PROD11913,Beauty,500,35,27,26
PROD10472,Fashion,500,35,16,27
PROD10722,Fashion,500,35,28,37
PROD10251,Electronics,500,35,35,45
PROD10709,Unknown,500,36,14,10
PROD10838,Unknown,500,36,9,38
PROD10165,Home,500,37,20,24
PROD10871,Fashion,500,37,15,42
PROD11160,Electronics,500,38,30,37
PROD11643,Electronics,500,39,38,3
PROD10617,Electronics,500,39,9,41
PROD10243,Beauty,500,40,32,2
PROD11604,Unknown,500,40,47,7
PROD11519,Fashion,500,40,46,23
PROD10696,Electronics,500,40,4,30
PROD11810,Unknown,500,40,48,35
PROD11274,Electronics,500,40,3,45
PROD11065,Beauty,500,41,20,18
PROD11451,Unknown,500,41,18,24
PROD11379,Unknown,500,41,4,26
PROD11524,Fashion,500,41,38,49
PROD11895,Beauty,500,42,42,6
PROD11424,Unknown,500,42,15,8
PROD11345,Unknown,500,43,48,15
PROD10446,Fashion,500,43,30,18
PROD11745,Fashion,500,43,23,41
PROD11295,Home,500,43,37,49
PROD11770,Electronics,500,44,23,9
PROD11947,Electronics,500,44,14,19
PROD11340,Electronics,500,44,3,41
PROD10811,Unknown,500,44,16,44
PROD11310,Unknown,500,45,36,5
PROD10124,Beauty,500,45,42,5
PROD10971,Beauty,500,45,2,28
PROD11848,Electronics,500,45,43,28
PROD10820,Electronics,500,46,21,6
PROD11058,Fashion,500,46,25,25
PROD10633,Home,500,46,19,26
PROD10561,Fashion,500,46,24,30
PROD10975,Electronics,500,47,22,11
PROD10034,Home,500,47,46,26
PROD11050,Fashion,500,48,44,19
PROD10233,Electronics,500,48,36,27
PROD10148,Electronics,500,48,34,39
PROD10642,Electronics,500,48,5,41
PROD11863,Electronics,500,48,4,42
PROD10328,Electronics,500,48,47,44
PROD11760,Home,500,48,48,46
PROD10109,Home,500,49,23,12
PROD11212,Unknown,500,49,41,28
PROD10108,Unknown,500,49,3,30
PROD10530,Fashion,500,49,20,31
PROD11573,Electronics,500,49,14,41
PROD11122,Beauty,500,50,35,6
PROD10712,Home,500,50,11,7
PROD10693,Home,500,50,37,13
PROD11135,Electronics,500,50,29,19
PROD10409,Unknown,500,50,31,21
PROD11391,Home,500,50,9,40
PROD11129,Home,500,50,21,40
PROD10980,Beauty,500,51,37,12
PROD11478,Beauty,500,51,9,14
PROD11471,Electronics,500,51,6,23
PROD11304,Electronics,500,51,16,23
PROD10988,Electronics,500,52,30,9
PROD10257,Electronics,500,52,35,15
PROD11328,Home,500,52,21,29
PROD11246,Fashion,500,52,23,40
PROD10278,Electronics,500,52,43,40
PROD10636,Fashion,500,53,32,10
PROD11342,Beauty,500,54,4,23
PROD11225,Electronics,500,55,28,7
PROD11476,Electronics,500,55,27,46
PROD11562,Beauty,500,56,21,8
PROD11817,Beauty,500,56,11,22
PROD10766,Fashion,500,56,20,49
PROD11288,Electronics,500,57,44,11
PROD11690,Home,500,58,28,3
PROD10445,Home,500,58,21,5
PROD11984,Fashion,500,58,28,14
PROD11766,Home,500,59,43,7
PROD11963,Beauty,500,59,24,15
PROD10611,Electronics,500,59,16,24
PROD10698,Beauty,500,59,43,25
PROD11966,Fashion,500,59,12,37
PROD10253,Electronics,500,59,40,42
PROD11806,Fashion,500,60,36,22
PROD11055,Fashion,500,60,3,25
PROD10845,Electronics,500,60,44,26
PROD10061,Electronics,500,60,42,41
PROD10091,Fashion,500,60,41,42
PROD10885,Home,500,61,18,10
PROD11405,Unknown,500,61,7,22
PROD10358,Electronics,500,61,11,24
PROD11494,Beauty,500,61,5,27
PROD11694,Home,500,61,7,37
PROD10481,Home,500,62,37,4
PROD11759,Electronics,500,62,8,22
PROD11803,Electronics,500,63,3,3
PROD11096,Home,500,63,41,26
PROD11023,Electronics,500,63,13,35
PROD11477,Electronics,500,64,10,5
PROD11967,Beauty,500,64,8,42
PROD11824,Fashion,500,65,12,16
PROD11904,Fashion,500,65,33,28
PROD11579,Beauty,500,65,31,33
PROD11552,Home,500,65,6,40
PROD10623,Beauty,500,66,20,33
PROD10331,Beauty,500,66,16,35
PROD10540,Fashion,500,66,37,35
PROD10223,Home,500,66,18,46
PROD11367,Fashion,500,67,8,2
PROD10937,Home,500,67,8,21
PROD11242,Home,500,67,17,22
PROD11498,Home,500,67,14,40
PROD10528,Beauty,500,68,3,10
PROD11938,Fashion,500,68,33,23
PROD10751,Electronics,500,68,31,32
PROD11915,Unknown,500,68,4,33
PROD10017,Electronics,500,68,34,39
PROD11589,Fashion,500,69,31,10
PROD10817,Electronics,500,69,29,23
PROD10217,Electronics,500,70,43,10
PROD11642,Beauty,500,70,28,37
PROD10225,Home,500,70,41,39
PROD10360,Home,500,70,2,49
PROD10347,Fashion,500,71,3,2
PROD10666,Beauty,500,71,5,3
PROD10562,Home,500,71,32,7
PROD10816,Electronics,500,72,4,3
PROD10306,Home,500,72,9,21
PROD11180,Beauty,500,73,14,6
PROD10329,Home,500,73,41,8
PROD11282,Fashion,500,73,17,18
PROD11472,Beauty,500,73,16,37
PROD11323,Beauty,500,73,22,48
PROD11591,Beauty,500,73,43,49
PROD11999,Beauty,500,74,3,6
PROD11360,Beauty,500,74,24,9
PROD10003,Home,500,75,42,14
PROD11460,Home,500,75,4,27
PROD11951,Home,500,75,27,41
PROD10308,Electronics,500,76,35,3
PROD11322,Fashion,500,76,41,9
PROD11612,Electronics,500,76,23,10
PROD11314,Electronics,500,76,18,22
PROD11695,Beauty,500,77,29,3
PROD10428,Electronics,500,77,43,34
PROD10774,Fashion,500,78,35,25
PROD11255,Home,500,78,9,43
PROD11954,Electronics,500,78,41,49
PROD11204,Home,500,79,22,3
PROD11718,Electronics,500,79,18,5
PROD11319,Electronics,500,79,17,6
PROD10119,Fashion,500,79,24,6
PROD11150,Electronics,500,79,44,6
PROD10882,Fashion,500,79,14,11
PROD10267,Beauty,500,79,46,18
PROD10245,Unknown,500,79,29,25
PROD10723,Home,500,79,41,31
PROD11445,Electronics,500,79,2,32
PROD10862,Fashion,500,80,4,10
PROD11996,Unknown,500,80,2,12
PROD11584,Unknown,500,80,11,12
PROD10083,Fashion,500,80,7,17
PROD11523,Electronics,500,80,31,26
PROD11114,Electronics,500,80,44,26
PROD11207,Electronics,500,80,48,43
PROD11731,Electronics,500,81,37,10
PROD10848,Electronics,500,81,20,31
PROD11555,Fashion,500,82,19,4
PROD11965,Home,500,82,47,15
PROD11893,Home,500,82,40,24
PROD10419,Home,500,82,28,28
PROD11665,Electronics,500,82,49,41
PROD11645,Beauty,500,84,31,6
PROD10958,Electronics,500,84,38,8
PROD11969,Home,500,84,34,12
PROD11236,Unknown,500,84,30,14
PROD11425,Electronics,500,84,32,32
PROD11832,Electronics,500,84,48,41
PROD10913,Electronics,500,84,48,44
PROD11488,Beauty,500,85,16,3
PROD11636,Unknown,500,85,23,45
PROD11317,Beauty,500,86,36,5
PROD11368,Fashion,500,86,3,12
PROD10107,Home,500,86,29,24
PROD11666,Electronics,500,86,25,30
PROD10893,Fashion,500,86,32,42
PROD10073,Electronics,500,87,32,2
PROD10299,Electronics,500,87,42,8
PROD11042,Electronics,500,87,43,18
PROD11090,Beauty,500,87,45,33
PROD10865,Beauty,500,87,9,43
PROD11542,Home,500,88,45,4
PROD10103,Home,500,88,40,26
PROD11164,Beauty,500,88,21,28
PROD10390,Home,500,88,23,36
PROD10587,Electronics,500,88,18,42
PROD11275,Beauty,500,89,42,12
PROD10176,Beauty,500,89,14,18
PROD10324,Fashion,500,89,5,23
PROD11307,Electronics,500,89,45,27
PROD11962,Beauty,500,89,19,34
PROD10819,Home,500,89,2,35
PROD10464,Electronics,500,89,24,42
PROD10209,Beauty,500,90,31,9
PROD10076,Electronics,500,90,35,19
PROD10215,Electronics,500,90,17,25
PROD11402,Unknown,500,90,34,26
PROD11399,Electronics,500,90,39,35
PROD11949,Beauty,500,90,9,42
PROD11739,Beauty,500,91,32,26
PROD11980,Beauty,500,91,8,34
PROD10170,Beauty,500,91,40,39
PROD11992,Electronics,500,91,2,45
PROD11278,Fashion,500,91,4,49
PROD10004,Fashion,500,92,40,4
PROD11430,Electronics,500,92,23,28
PROD10985,Electronics,500,93,15,3
PROD10406,Home,500,93,43,28
PROD10631,Fashion,500,93,24,41
PROD10731,Beauty,500,94,35,30
PROD11730,Beauty,500,94,24,46
PROD10414,Beauty,500,94,26,49
PROD10459,Fashion,500,95,46,31
PROD10439,Home,500,96,6,20
PROD11224,Fashion,500,96,41,26
PROD10986,Electronics,500,96,23,34
PROD10846,Electronics,500,96,49,39
PROD10179,Electronics,500,97,46,7
PROD10850,Home,500,97,19,24
PROD10878,Home,500,97,11,37
PROD11873,Fashion,500,97,37,37
PROD10314,Electronics,500,98,28,3
PROD11073,Fashion,500,98,36,12
PROD10863,Unknown,500,98,23,15
PROD10573,Home,500,98,47,35
PROD11175,Electronics,500,98,29,36
PROD11028,Fashion,500,98,12,46
PROD10802,Electronics,500,99,3,4
PROD10175,Electronics,500,99,22,17
PROD10725,Beauty,500,99,7,31
PROD10939,Home,500,99,24,33
PROD11301,Fashion,500,99,46,36
PROD11046,Electronics,500,99,37,38
PROD11186,Beauty,500,99,6,46
PROD11378,Fashion,949,5,9,4
PROD11324,Fashion,949,5,30,5
PROD10551,Electronics,949,5,41,11
PROD10014,Electronics,949,5,5,24
PROD10026,Home,949,5,28,34
PROD10591,Electronics,949,5,6,37
PROD10839,Unknown,949,5,42,39
PROD10894,Fashion,949,6,40,5
PROD11517,Electronics,949,6,36,18
PROD10624,Fashion,949,6,15,33
PROD11851,Electronics,949,6,26,33
PROD10867,Electronics,949,6,13,43
PROD10365,Fashion,949,6,35,46
PROD11998,Home,949,6,20,49
PROD10962,Electronics,949,7,22,2
PROD11071,Home,949,7,18,4
PROD11561,Beauty,949,7,46,6
PROD11684,Electronics,949,7,33,20
PROD11534,Fashion,949,7,17,22
PROD10136,Home,949,7,12,32
PROD10940,Beauty,949,7,9,36
PROD11089,Electronics,949,7,12,40
PROD11502,Home,949,7,14,42
PROD11704,Fashion,949,8,48,2
PROD10090,Beauty,949,8,15,11
PROD11609,Fashion,949,8,5,16
PROD10030,Home,949,8,35,25
PROD11569,Electronics,949,8,26,28
PROD11570,Unknown,949,8,8,32
PROD11196,Unknown,949,8,17,32
PROD10138,Unknown,949,8,37,38
PROD11395,Beauty,949,8,30,40
PROD11385,Electronics,949,9,12,2
PROD10810,Electronics,949,9,4,26
PROD10544,Fashion,949,9,26,28
PROD10494,Fashion,949,9,30,40
PROD11608,Beauty,949,9,29,42
PROD11543,Electronics,949,9,43,42
PROD10824,Fashion,949,10,20,4
PROD11067,Beauty,949,10,45,5
PROD11630,Electronics,949,10,3,9
PROD11953,Fashion,949,10,31,12
PROD10235,Home,949,10,31,12
PROD11688,Electronics,949,10,18,21
PROD10520,Electronics,949,10,28,26
PROD11169,Home,949,10,40,27
PROD11374,Beauty,949,11,8,9
PROD10352,Fashion,949,11,43,12
PROD11193,Home,949,11,27,17
PROD10503,Electronics,949,11,6,38
PROD11669,Electronics,949,11,36,38
PROD11281,Fashion,949,11,35,39
PROD10474,Home,949,12,20,2
PROD10463,Beauty,949,12,42,5
PROD10491,Electronics,949,12,16,6
PROD10926,Unknown,949,12,14,8
PROD11859,Electronics,949,12,11,21
PROD11940,Home,949,12,20,32
PROD11126,Electronics,949,12,23,33
PROD10934,Home,949,12,45,46
PROD11734,Home,949,12,39,47
PROD10825,Beauty,949,12,29,48
PROD11158,Fashion,949,12,30,48
PROD11578,Beauty,949,13,17,2
PROD10066,Electronics,949,13,19,11
PROD10381,Electronics,949,13,29,15
PROD11229,Home,949,13,10,19
PROD10829,Fashion,949,13,17,21
PROD10380,Fashion,949,13,19,25
PROD11558,Electronics,949,13,3,31
PROD10281,Electronics,949,13,22,39
PROD11439,Electronics,949,13,37,39
PROD10377,Fashion,949,14,24,2
PROD11276,Home,949,14,5,9
PROD10976,Unknown,949,14,45,10
PROD10467,Electronics,949,14,9,16
PROD10648,Fashion,949,14,32,20
PROD10662,Unknown,949,14,30,28
PROD10622,Electronics,949,14,2,29
PROD11616,Beauty,949,14,35,29
PROD10035,Electronics,949,14,42,30
PROD11926,Fashion,949,14,27,36
PROD10485,Electronics,949,14,8,38
PROD10506,Home,949,14,49,46
PROD11044,Beauty,949,14,12,47
PROD11814,Beauty,949,14,16,49
PROD11333,Beauty,949,15,22,22
PROD10678,Electronics,949,15,33,26
PROD11216,Electronics,949,15,27,28
PROD11455,Home,949,15,47,35
PROD10982,Beauty,949,16,40,6
PROD11259,Electronics,949,16,11,21
PROD11166,Fashion,949,16,47,21
PROD11700,Unknown,949,16,9,30
PROD11881,Fashion,949,16,27,33
PROD11677,Electronics,949,16,49,34
PROD11709,Fashion,949,16,16,37
PROD11426,Beauty,949,16,10,45
PROD10788,Beauty,949,17,6,4
PROD11469,Unknown,949,17,3,14
PROD10375,Fashion,949,17,8,15
PROD10779,Beauty,949,17,38,24
PROD10038,Beauty,949,17,23,27
PROD11952,Unknown,949,17,48,29
PROD11564,Beauty,949,17,43,34
PROD11125,Fashion,949,17,42,42
PROD11855,Unknown,949,17,3,44
PROD11693,Fashion,949,17,23,48
PROD10609,Home,949,18,29,9
PROD10773,Electronics,949,18,9,18
PROD11939,Fashion,949,18,41,30
PROD11123,Fashion,949,18,11,36
PROD11112,Home,949,18,26,49
PROD10994,Fashion,949,19,35,8
PROD11079,Electronics,949,19,46,13
PROD11679,Unknown,949,19,49,23
PROD10115,Fashion,949,19,3,31
PROD10798,Electronics,949,19,12,36
PROD10490,Fashion,949,19,20,39
PROD10185,Electronics,949,19,14,46
PROD11775,Home,949,19,24,46
PROD10789,Beauty,949,20,16,4
PROD11736,Home,949,20,28,4
PROD11240,Beauty,949,20,45,9
PROD10742,Electronics,949,20,40,19
PROD11594,Unknown,949,20,38,21
PROD10771,Electronics,949,20,39,25
PROD10629,Electronics,949,20,3,31
PROD11411,Fashion,949,20,12,43
PROD10416,Fashion,949,20,26,48
PROD10126,Unknown,949,21,34,11
PROD11427,Beauty,949,21,10,31
PROD10260,Electronics,949,21,36,41
PROD10370,Unknown,949,22,12,14
PROD10589,Electronics,949,22,49,16
PROD10969,Fashion,949,22,20,19
PROD10274,Beauty,949,22,27,19
PROD11934,Unknown,949,22,17,25
PROD10242,Home,949,22,35,26
PROD10652,Fashion,949,22,26,46
PROD11711,Fashion,949,22,6,47
PROD10915,Beauty,949,23,38,3
PROD11078,Electronics,949,23,26,13
PROD11268,Electronics,949,23,49,13
PROD11692,Home,949,23,19,17
PROD11177,Unknown,949,23,32,34
PROD11283,Fashion,949,23,5,35
PROD10500,Electronics,949,23,40,38
PROD10012,Electronics,949,23,37,40
PROD11656,Electronics,949,23,21,47
PROD11094,Fashion,949,24,44,4
PROD10417,Unknown,949,24,18,15
PROD11845,Fashion,949,24,47,18
PROD10948,Electronics,949,24,17,22
PROD11091,Home,949,24,15,24
PROD10730,Electronics,949,24,34,27
PROD11072,Fashion,949,24,13,29
PROD10495,Electronics,949,24,27,29
PROD10706,Fashion,949,24,30,44
PROD10682,Home,949,24,31,45
PROD11289,Unknown,949,25,43,6
PROD10227,Beauty,949,25,27,9
PROD10033,Electronics,949,25,31,14
PROD11257,Unknown,949,25,45,16
PROD10395,Electronics,949,25,2,35
PROD11595,Electronics,949,25,43,44
PROD11068,Beauty,949,25,20,45
PROD10860,Fashion,949,26,17,11
PROD10493,Beauty,949,26,14,14
PROD11181,Fashion,949,26,17,18
PROD10507,Beauty,949,26,31,25
PROD10373,Electronics,949,26,12,29
PROD11529,Electronics,949,26,49,30
PROD10904,Unknown,949,26,6,39
PROD11495,Fashion,949,26,21,42
PROD11254,Home,949,27,24,9
PROD10991,Electronics,949,27,39,20
PROD10911,Fashion,949,27,20,22
PROD11099,Electronics,949,27,14,34
PROD11329,Home,949,27,8,39
PROD10834,Fashion,949,27,30,44
PROD11599,Unknown,949,27,44,44
PROD10421,Beauty,949,28,7,8
PROD11950,Home,949,28,15,17
PROD11995,Electronics,949,28,15,25
PROD11974,Home,949,28,49,26
PROD11136,Fashion,949,28,15,27
PROD10512,Home,949,28,13,34
PROD11174,Home,949,28,2,36
PROD11874,Electronics,949,28,24,46
PROD10643,Electronics,949,29,29,13
PROD10522,Home,949,29,18,14
PROD10232,Home,949,29,35,15
PROD10338,Electronics,949,29,10,21
PROD11639,Fashion,949,29,34,24
PROD10057,Beauty,949,29,20,26
PROD10447,Home,949,29,49,32
PROD10762,Home,949,29,44,37
PROD11380,Fashion,949,29,26,42
PROD10401,Unknown,949,29,45,46
PROD10823,Electronics,949,29,5,49
PROD10466,Electronics,949,30,29,4
PROD11082,Electronics,949,30,43,11
PROD11743,Beauty,949,30,13,16
PROD10671,Beauty,949,30,49,17
PROD11628,Home,949,30,34,19
PROD11117,Home,949,30,15,21
PROD10385,Fashion,949,30,21,21
PROD11265,Home,949,30,11,30
PROD10902,Home,949,30,24,31
PROD10127,Electronics,949,30,5,32
PROD11421,Electronics,949,30,8,38
PROD10535,Home,949,31,19,19
PROD10378,Fashion,949,31,33,28
PROD11615,Unknown,949,31,20,33
PROD11871,Fashion,949,31,46,41
PROD11937,Home,949,32,48,8
PROD11626,Fashion,949,32,18,14
PROD10000,Electronics,949,32,5,15
PROD10137,Electronics,949,32,23,31
PROD10574,Fashion,949,32,30,44
PROD11683,Fashion,949,33,10,3
PROD10310,Electronics,949,33,5,5
PROD10359,Electronics,949,33,17,13
PROD10946,Electronics,949,33,40,25
PROD11167,Home,949,33,31,35
PROD10527,Fashion,949,33,45,39
PROD10389,Electronics,949,33,29,45
PROD11583,Fashion,949,33,38,46
PROD11826,Home,949,34,25,29
PROD11486,Unknown,949,34,48,33
PROD11406,Electronics,949,34,40,34
PROD10388,Beauty,949,34,12,41
PROD10791,Unknown,949,34,21,43
PROD11482,Unknown,949,35,35,9
PROD10989,Electronics,949,35,49,11
PROD11563,Fashion,949,35,48,20
PROD10880,Unknown,949,35,30,23
PROD11130,Fashion,949,35,3,30
PROD11372,Home,949,35,25,36
PROD11168,Electronics,949,35,30,37
PROD11748,Unknown,949,35,40,46
PROD10864,Fashion,949,36,10,3
PROD11300,Beauty,949,36,35,8
PROD10704,Electronics,949,36,28,12
PROD11619,Electronics,949,36,17,29
PROD11646,Beauty,949,37,47,3
PROD10797,Home,949,37,7,11
PROD11011,Beauty,949,37,29,13
PROD11675,Fashion,949,37,21,14
PROD10782,Unknown,949,37,45,18
PROD11038,Home,949,37,37,30
PROD11144,Electronics,949,37,9,44
PROD10297,Beauty,949,37,4,48
PROD10542,Electronics,949,38,19,2
PROD10239,Home,949,38,5,3
PROD11238,Home,949,38,34,9
PROD11061,Fashion,949,38,29,19
PROD11727,Electronics,949,38,5,25
PROD11060,Home,949,38,27,27
PROD11457,Electronics,949,38,25,41
PROD10145,Electronics,949,38,39,41
PROD11045,Electronics,949,38,15,43
PROD10854,Fashion,949,38,28,43
PROD11076,Home,949,39,41,4
PROD10536,Electronics,949,39,45,7
PROD10307,Home,949,39,47,15
PROD10351,Beauty,949,39,11,16
PROD11133,Electronics,949,39,49,26
PROD10821,Electronics,949,39,12,28
PROD10228,Beauty,949,39,27,28
PROD11625,Fashion,949,39,45,31
PROD11546,Beauty,949,39,6,36
PROD11511,Home,949,39,26,38
PROD10727,Electronics,949,40,19,5
PROD11026,Home,949,40,28,13
PROD10070,Home,949,40,44,15
PROD10708,Unknown,949,40,13,16
PROD11837,Unknown,949,40,43,42
PROD10237,Home,949,40,12,46
PROD11053,Beauty,949,41,13,2
PROD10476,Electronics,949,41,22,12
PROD11681,Electronics,949,41,42,14
PROD10936,Beauty,949,41,19,17
PROD10608,Fashion,949,41,17,18
PROD10602,Beauty,949,41,38,20
PROD10207,Beauty,949,42,27,30
PROD10552,Unknown,949,42,5,45
PROD10941,Beauty,949,43,25,16
PROD11418,Fashion,949,43,47,16
PROD10366,Beauty,949,43,42,18
PROD11147,Beauty,949,43,39,25
PROD10784,Beauty,949,43,42,27
PROD10024,Electronics,949,43,2,37
PROD10953,Unknown,949,43,38,37
PROD10593,Fashion,949,43,31,46
PROD10492,Fashion,949,44,10,20
PROD10588,Home,949,44,22,20
PROD10169,Electronics,949,44,49,24
PROD11243,Fashion,949,44,4,29
PROD11331,Home,949,44,30,29
PROD10672,Home,949,44,15,32
PROD11993,Electronics,949,44,6,44
PROD11720,Electronics,949,44,20,45
PROD11100,Home,949,45,7,16
PROD10923,Home,949,45,32,22
PROD11447,Fashion,949,46,44,5
PROD11388,Home,949,46,28,9
PROD10806,Beauty,949,46,39,14
PROD11311,Electronics,949,46,12,32
PROD10167,Electronics,949,46,26,33
PROD11857,Home,949,47,16,2
PROD10755,Electronics,949,47,45,7
PROD10905,Electronics,949,47,7,26
PROD11791,Unknown,949,47,36,34
PROD11986,Electronics,949,47,9,41
PROD11918,Fashion,949,47,39,41
PROD11297,Home,949,47,32,47
PROD11553,Beauty,949,47,2,48
PROD10197,Electronics,949,48,45,12
PROD10964,Fashion,949,48,29,14
PROD10598,Unknown,949,48,47,33
PROD10563,Electronics,949,48,8,39
PROD11140,Home,949,48,16,42
PROD10482,Home,949,48,17,42
PROD11361,Unknown,949,49,45,2
PROD10578,Home,949,49,33,26
PROD11069,Beauty,949,49,21,28
PROD10521,Fashion,949,49,49,34
PROD10006,Fashion,949,49,19,35
PROD10970,Unknown,949,50,7,3
PROD11544,Electronics,949,50,10,5
PROD11551,Home,949,50,23,8
PROD10046,Electronics,949,50,42,27
PROD11104,Electronics,949,50,6,33
PROD11119,Electronics,949,50,42,43
PROD10193,Beauty,949,50,31,45
PROD10837,Electronics,949,50,28,48
PROD10044,Unknown,949,51,17,11
PROD11559,Beauty,949,51,16,15
PROD10164,Beauty,949,51,3,26
PROD10143,Electronics,949,51,5,29
PROD10884,Fashion,949,51,16,33
PROD11187,Electronics,949,51,13,43
PROD10694,Fashion,949,52,17,4
PROD10908,Electronics,949,52,7,8
PROD11214,Home,949,52,38,22
PROD10899,Home,949,52,23,26
PROD10668,Electronics,949,52,19,43
PROD11785,Home,949,52,4,46
PROD10497,Electronics,949,53,18,7
PROD11632,Unknown,949,53,38,10
PROD11302,Beauty,949,53,38,33
PROD11260,Beauty,949,53,42,33
PROD11781,Fashion,949,53,45,41
PROD11768,Electronics,949,53,19,43
PROD10534,Beauty,949,54,33,8
PROD10741,Home,949,54,28,41
PROD11318,Electronics,949,54,48,43
PROD11509,Home,949,55,19,2
PROD11682,Beauty,949,55,25,9
PROD11141,Home,949,55,26,10
PROD10721,Beauty,949,55,2,11
PROD10305,Electronics,949,55,23,15
PROD10920,Beauty,949,55,4,17
PROD10163,Fashion,949,55,8,18
PROD11975,Beauty,949,55,49,34
PROD10480,Beauty,949,55,23,43
PROD11056,Home,949,55,38,43
PROD10747,Home,949,55,13,44
PROD10475,Home,949,56,44,3
PROD10973,Beauty,949,56,35,4
PROD11356,Home,949,56,23,13
PROD11732,Unknown,949,56,12,19
PROD11611,Fashion,949,56,16,20
PROD11935,Home,949,56,27,24
PROD10983,Unknown,949,56,46,31
PROD10393,Home,949,56,18,34
PROD11403,Fashion,949,56,31,34
PROD11066,Beauty,949,56,44,36
PROD10890,Home,949,57,15,29
PROD10096,Beauty,949,57,16,29
PROD10618,Beauty,949,57,49,33
PROD11991,Beauty,949,57,8,45
PROD10758,Home,949,58,31,11
PROD10700,Electronics,949,58,9,26
PROD10487,Beauty,949,58,25,32
PROD11601,Fashion,949,58,6,41
PROD10048,Electronics,949,58,24,46
PROD10869,Home,949,59,13,7
PROD10699,Fashion,949,59,38,25
PROD10517,Unknown,949,59,45,38
PROD11419,Beauty,949,59,18,44
PROD10408,Home,949,60,7,2
PROD10470,Beauty,949,60,49,11
PROD10526,Fashion,949,60,44,27
PROD11127,Electronics,949,60,29,37
PROD11001,Unknown,949,60,21,39
PROD11270,Beauty,949,60,40,40
PROD10809,Fashion,949,60,8,47
PROD10213,Unknown,949,61,47,5
PROD10710,Fashion,949,61,15,7
PROD11109,Home,949,61,26,7
PROD11525,Fashion,949,61,19,10
PROD11350,Fashion,949,61,37,11
PROD10098,Fashion,949,61,31,12
PROD10152,Fashion,949,61,2,14
PROD10318,Beauty,949,61,23,22
PROD11698,Beauty,949,61,17,27
PROD10612,Electronics,949,61,8,33
PROD10504,Beauty,949,61,27,37
PROD10777,Beauty,949,62,41,7
PROD11884,Electronics,949,62,32,13
PROD11917,Home,949,62,37,29
PROD11610,Electronics,949,62,4,38
PROD10094,Fashion,949,62,27,43
PROD11726,Fashion,949,62,15,47
PROD10451,Beauty,949,63,26,11
PROD10870,Electronics,949,63,17,12
PROD11518,Electronics,949,63,39,29
PROD11763,Home,949,63,20,41
PROD10234,Home,949,63,12,45
PROD10746,Beauty,949,64,8,12
PROD11663,Unknown,949,64,6,17
PROD11754,Unknown,949,64,12,21
PROD10441,Electronics,949,64,39,24
PROD11335,Beauty,949,64,45,27
PROD11203,Electronics,949,64,48,27
PROD11182,Fashion,949,64,24,44
PROD11671,Fashion,949,65,11,4
PROD11923,Electronics,949,65,48,8
PROD11769,Electronics,949,65,38,9
PROD10009,Beauty,949,65,34,11
PROD11273,Fashion,949,65,42,17
PROD10065,Beauty,949,65,49,27
PROD11075,Unknown,949,65,9,37
PROD10961,Beauty,949,66,20,6
PROD11134,Unknown,949,66,17,13
PROD11617,Beauty,949,66,11,16
PROD11906,Beauty,949,66,15,35
PROD11191,Fashion,949,66,17,42
PROD10657,Fashion,949,66,34,47
PROD11173,Electronics,949,67,27,4
PROD11655,Electronics,949,67,30,23
PROD11475,Electronics,949,67,38,36
PROD10456,Fashion,949,68,3,19
PROD11798,Electronics,949,68,47,36
PROD11961,Home,949,68,25,40
PROD10130,Unknown,949,68,41,40
PROD10064,Fashion,949,69,10,2
PROD11627,Fashion,949,69,10,3
PROD11410,Home,949,69,20,3
PROD10764,Fashion,949,69,23,12
PROD11547,Beauty,949,69,24,34
PROD10116,Fashion,949,69,18,36
PROD10240,Electronics,949,69,37,36
PROD11234,Electronics,949,70,46,21
PROD10036,Fashion,949,70,26,25
PROD10669,Electronics,949,71,41,8
PROD10125,Electronics,949,71,9,22
PROD11010,Electronics,949,71,33,25
PROD11049,Fashion,949,71,23,30
PROD10874,Fashion,949,72,20,5
PROD10664,Fashion,949,72,5,12
PROD10391,Home,949,72,31,37
PROD11545,Home,949,73,45,3
PROD11051,Fashion,949,73,6,5
PROD10084,Home,949,73,38,18
PROD11581,Home,949,73,20,23
PROD11162,Beauty,949,73,42,30
PROD11423,Home,949,73,40,39
PROD11849,Home,949,73,45,43
PROD11436,Home,949,74,29,8
PROD10371,Home,949,74,32,11
PROD10644,Beauty,949,74,39,18
PROD10155,Fashion,949,74,47,26
PROD11005,Beauty,949,74,10,36
PROD10849,Unknown,949,74,21,41
PROD10749,Home,949,75,39,25
PROD10673,Electronics,949,75,27,28
PROD11404,Home,949,75,26,30
PROD10396,Electronics,949,75,21,38
PROD11195,Beauty,949,76,30,9
PROD11530,Electronics,949,76,12,16
PROD11256,Beauty,949,76,14,18
PROD11660,Beauty,949,76,44,27
PROD10074,Unknown,949,76,28,31
PROD10546,Home,949,76,45,40
PROD11836,Fashion,949,77,22,3
PROD11349,Fashion,949,77,5,8
PROD10128,Fashion,949,77,8,18
PROD10340,Home,949,77,3,19
PROD11101,Electronics,949,77,30,21
PROD10576,Electronics,949,77,19,39
PROD11757,Beauty,949,77,28,47
PROD10173,Electronics,949,78,45,3
PROD11064,Electronics,949,78,32,11
PROD11930,Electronics,949,78,9,16
PROD11484,Electronics,949,78,33,21
PROD10974,Home,949,78,22,31
PROD11414,Unknown,949,78,8,33
PROD10479,Fashion,949,78,29,34
PROD10935,Electronics,949,78,7,41
PROD10916,Fashion,949,79,24,16
PROD10134,Beauty,949,79,40,16
PROD10051,Electronics,949,79,32,19
PROD10857,Home,949,79,39,19
PROD10348,Electronics,949,79,17,31
PROD11613,Beauty,949,79,49,42
PROD10140,Fashion,949,79,8,45
PROD11014,Fashion,949,79,43,47
PROD11074,Electronics,949,80,27,4
PROD11384,Fashion,949,80,24,9
PROD10627,Electronics,949,80,5,10
PROD10601,Unknown,949,80,16,21
PROD10372,Unknown,949,80,44,23
PROD11034,Beauty,949,80,27,36
PROD10665,Electronics,949,80,32,37
PROD10334,Electronics,949,80,16,45
PROD11948,Unknown,949,81,48,2
PROD11213,Unknown,949,81,31,16
PROD10565,Electronics,949,81,40,16
PROD11219,Electronics,949,81,16,24
PROD10486,Fashion,949,81,34,29
PROD11539,Electronics,949,81,20,36
PROD10429,Fashion,949,81,30,42
PROD10868,Electronics,949,82,2,3
PROD11298,Fashion,949,82,35,5
PROD10218,Electronics,949,82,17,11
PROD11909,Electronics,949,82,32,11
PROD10258,Electronics,949,82,9,21
PROD11747,Electronics,949,82,41,22
PROD10312,Home,949,82,19,49
PROD10255,Beauty,949,83,33,9
PROD11249,Fashion,949,83,19,24
PROD11554,Unknown,949,83,27,28
PROD11171,Home,949,83,41,34
PROD10805,Home,949,84,22,8
PROD11198,Home,949,84,44,8
PROD11644,Electronics,949,84,3,35
PROD10181,Electronics,949,84,29,46
PROD10144,Fashion,949,84,10,49
PROD11742,Fashion,949,85,7,7
PROD11097,Home,949,85,24,7
PROD10206,Fashion,949,85,41,13
PROD11501,Fashion,949,85,49,13
PROD10555,Beauty,949,85,13,16
PROD11790,Beauty,949,85,10,30
PROD10720,Home,949,85,43,36
PROD10216,Electronics,949,85,47,42
PROD11793,Beauty,949,86,47,17
PROD11506,Fashion,949,86,3,19
PROD10063,Beauty,949,86,46,22
PROD10990,Fashion,949,86,49,22
PROD11466,Fashion,949,86,14,28
PROD11232,Fashion,949,86,9,33
PROD10058,Unknown,949,86,5,36
PROD11290,Beauty,949,86,2,42
PROD10872,Electronics,949,87,31,4
PROD11408,Electronics,949,87,37,7
PROD11178,Beauty,949,87,40,14
PROD10844,Electronics,949,87,2,21
PROD11838,Beauty,949,87,30,23
PROD11710,Electronics,949,87,12,24
PROD10356,Beauty,949,87,10,29
PROD11988,Fashion,949,87,40,34
PROD11505,Home,949,87,4,41
PROD11733,Fashion,949,87,34,43
PROD11978,Electronics,949,87,25,44
PROD11922,Home,949,87,41,48
PROD10361,Beauty,949,87,10,49
PROD11176,Fashion,949,88,9,14
PROD10855,Home,949,88,7,15
PROD10153,Fashion,949,88,22,15
PROD10531,Fashion,949,88,5,23
PROD11031,Electronics,949,88,19,26
PROD10724,Unknown,949,88,9,27
PROD10585,Unknown,949,88,5,28
PROD11960,Electronics,949,88,31,46
PROD10343,Home,949,88,13,47
PROD11911,Beauty,949,88,17,49
PROD11490,Fashion,949,89,19,3
PROD11800,Electronics,949,89,8,7
PROD10945,Fashion,949,89,14,20
PROD10450,Beauty,949,89,33,25
PROD11885,Beauty,949,89,31,30
PROD11697,Home,949,89,21,39
PROD10577,Beauty,949,89,32,39
PROD10069,Home,949,89,45,41
PROD11905,Beauty,949,90,39,3
PROD10661,Beauty,949,90,47,13
PROD11987,Home,949,90,37,18
PROD10013,Electronics,949,90,26,34
PROD10192,Unknown,949,90,24,38
PROD11792,Beauty,949,90,20,39
PROD11027,Unknown,949,90,47,46
PROD10496,Beauty,949,91,24,3
PROD11497,Fashion,949,91,2,11
PROD10761,Beauty,949,91,48,13
PROD10211,Electronics,949,91,39,14
PROD11706,Beauty,949,91,39,15
PROD10836,Electronics,949,91,43,15
PROD11359,Unknown,949,91,18,24
PROD11019,Home,949,91,9,27
PROD10462,Home,949,91,37,31
PROD10511,Electronics,949,92,45,8
PROD11828,Home,949,92,11,16
PROD11571,Fashion,949,92,35,16
PROD11776,Beauty,949,92,36,17
PROD11900,Home,949,92,25,22
PROD10449,Electronics,949,93,40,3
PROD11773,Beauty,949,93,40,4
PROD10403,Fashion,949,93,33,9
PROD10023,Electronics,949,93,10,13
PROD10670,Fashion,949,93,35,13
PROD10719,Home,949,93,35,19
PROD11635,Fashion,949,93,48,29
PROD11827,Fashion,949,93,40,39
PROD10581,Home,949,93,38,45
PROD11637,Electronics,949,94,31,8
PROD11782,Unknown,949,94,9,13
PROD11084,Home,949,94,24,20
PROD10967,Electronics,949,94,7,33
PROD11139,Electronics,949,94,16,34
PROD10196,Electronics,949,94,46,34
PROD10733,Beauty,949,94,4,37
PROD11308,Home,949,94,35,37
PROD10382,Fashion,949,94,15,38
PROD11983,Electronics,949,94,7,41
PROD11673,Beauty,949,95,41,2
PROD10626,Home,949,95,24,7
PROD10569,Electronics,949,95,27,12
PROD10424,Electronics,949,95,33,14
PROD10571,Home,949,95,23,17
PROD10707,Electronics,949,95,5,23
PROD11850,Fashion,949,95,15,27
PROD11621,Electronics,949,95,37,28
PROD11291,Beauty,949,95,17,32
PROD11931,Beauty,949,96,24,7
PROD11667,Home,949,96,49,21
PROD11719,Beauty,949,96,5,27
PROD11184,Home,949,96,25,28
PROD10553,Electronics,949,96,36,28
PROD10596,Beauty,949,96,9,44
PROD11370,Home,949,97,37,3
PROD10548,Home,949,97,25,20
PROD11252,Unknown,949,97,29,22
PROD10461,Beauty,949,97,42,24
PROD11740,Home,949,97,13,25
PROD10078,Unknown,949,97,28,28
PROD10818,Fashion,949,97,48,36
PROD10907,Electronics,949,97,39,44
PROD10887,Electronics,949,97,44,45
PROD11151,Unknown,949,97,15,47
PROD10432,Fashion,949,98,11,6
PROD10342,Electronics,949,98,37,11
PROD11092,Home,949,98,36,20
PROD11812,Fashion,949,98,2,21
PROD11712,Home,949,98,43,21
PROD11887,Home,949,98,30,27
PROD11309,Unknown,949,98,2,30
PROD10086,Fashion,949,98,7,35
PROD11347,Beauty,949,98,37,48
PROD11587,Electronics,949,99,15,2
PROD11834,Electronics,949,99,4,21
PROD11412,Electronics,949,99,18,31
PROD10133,Electronics,949,99,44,31
PROD11588,Home,949,99,12,39
PROD11521,Fashion,949,99,18,39
PROD10283,Electronics,949,99,40,43
PROD10131,Fashion,949,99,9,48
PROD10268,Fashion,1000,5,37,5
PROD10336,Electronics,1000,5,6,15
PROD10052,Electronics,1000,5,25,25
PROD10031,Home,1000,5,45,30
PROD11797,Electronics,1000,5,48,35
PROD10529,Home,1000,5,46,47
PROD10302,Fashion,1000,6,49,7
PROD10321,Electronics,1000,6,11,21
PROD11565,Beauty,1000,6,18,22
PROD11371,Beauty,1000,6,10,46
PROD11124,Home,1000,7,23,4
PROD11118,Fashion,1000,7,18,6
PROD11907,Electronics,1000,7,3,17
PROD10759,Unknown,1000,7,45,35
PROD10765,Electronics,1000,8,43,2
PROD11223,Beauty,1000,8,17,13
PROD11535,Home,1000,8,39,13
PROD10158,Electronics,1000,8,14,16
PROD11029,Home,1000,8,7,22
PROD11355,Beauty,1000,8,41,41
PROD10613,Electronics,1000,8,36,45
PROD11499,Electronics,1000,8,47,46
PROD11672,Beauty,1000,9,7,19
PROD11052,Home,1000,9,3,21
PROD11784,Beauty,1000,9,29,36
PROD10367,Home,1000,10,31,10
PROD11306,Electronics,1000,10,15,44
PROD10604,Beauty,1000,11,4,12
PROD10554,Electronics,1000,11,36,13
PROD10545,Home,1000,12,3,11
PROD11989,Unknown,1000,12,37,24
PROD11453,Fashion,1000,12,26,28
PROD11970,Beauty,1000,13,11,15
PROD10743,Fashion,1000,13,24,40
PROD10041,Home,1000,14,25,23
PROD11163,Beauty,1000,14,47,33
PROD10851,Beauty,1000,14,27,45
PROD10924,Electronics,1000,14,14,46
PROD11316,Fashion,1000,14,26,49
PROD10760,Home,1000,15,44,2
PROD10483,Home,1000,15,13,20
PROD11821,Electronics,1000,15,28,30
PROD11012,Home,1000,16,41,3
PROD11020,Home,1000,16,4,6
PROD11861,Beauty,1000,16,47,34
PROD10951,Electronics,1000,16,26,41
PROD11774,Home,1000,16,35,44
PROD11172,Electronics,1000,17,3,2
PROD10195,Electronics,1000,17,2,7
PROD11465,Electronics,1000,17,37,18
PROD11043,Fashion,1000,17,20,26
PROD10952,Home,1000,17,18,40
PROD10277,Beauty,1000,17,20,48
PROD11783,Home,1000,18,2,4
PROD10392,Unknown,1000,18,39,6
PROD11416,Home,1000,18,32,40
PROD10513,Fashion,1000,19,43,22
PROD10120,Home,1000,20,38,4
PROD11197,Beauty,1000,20,23,29
PROD10628,Home,1000,20,35,39
PROD11459,Beauty,1000,20,25,40
PROD11185,Beauty,1000,21,11,16
PROD10606,Electronics,1000,21,40,23
PROD10037,Electronics,1000,21,4,28
PROD11549,Beauty,1000,21,35,42
PROD10658,Home,1000,22,10,9
PROD11230,Fashion,1000,22,42,48
PROD10568,Home,1000,23,31,3
PROD11021,Fashion,1000,23,4,17
PROD11025,Fashion,1000,23,48,29
PROD11348,Fashion,1000,23,28,34
PROD11339,Fashion,1000,23,35,38
PROD10345,Electronics,1000,24,28,4
PROD11778,Unknown,1000,24,3,28
PROD11572,Fashion,1000,25,16,41
PROD11165,Electronics,1000,26,35,2
PROD10407,Beauty,1000,26,49,36
PROD11491,Home,1000,26,46,42
PROD11235,Electronics,1000,26,20,47
PROD10443,Beauty,1000,27,43,3
PROD10594,Electronics,1000,27,7,6
PROD10025,Beauty,1000,27,48,10
PROD10437,Unknown,1000,27,19,12
PROD10841,Unknown,1000,28,9,16
PROD11801,Unknown,1000,28,36,16
PROD11877,Home,1000,28,44,44
PROD10756,Electronics,1000,30,21,4
PROD10159,Electronics,1000,30,24,16
PROD11149,Beauty,1000,30,47,32
PROD11661,Beauty,1000,30,49,41
PROD11326,Fashion,1000,31,37,15
PROD11496,Electronics,1000,31,6,46
PROD11532,Electronics,1000,31,7,47
PROD11222,Home,1000,32,17,2
PROD10350,Beauty,1000,32,22,3
PROD10292,Home,1000,32,9,6
PROD11717,Beauty,1000,32,13,37
PROD10996,Beauty,1000,32,18,47
PROD11007,Unknown,1000,32,31,49
PROD10947,Beauty,1000,33,34,3
PROD11701,Fashion,1000,33,19,5
PROD10538,Beauty,1000,33,38,6
PROD11271,Electronics,1000,33,43,24
PROD10019,Beauty,1000,33,43,37
PROD10881,Home,1000,33,29,38
PROD11928,Electronics,1000,35,39,17
PROD10112,Fashion,1000,35,33,32
PROD11902,Fashion,1000,36,14,2
PROD10680,Electronics,1000,36,36,6
PROD11919,Electronics,1000,36,3,14
PROD11088,Home,1000,36,33,25
PROD10433,Unknown,1000,36,11,30
PROD10101,Fashion,1000,36,15,31
PROD11586,Fashion,1000,36,30,39
PROD11253,Beauty,1000,36,41,47
PROD10592,Electronics,1000,37,6,6
PROD10288,Electronics,1000,37,27,22
PROD10650,Electronics,1000,37,6,33
PROD11284,Fashion,1000,37,19,42
PROD10444,Fashion,1000,37,40,44
PROD11596,Fashion,1000,37,38,46
PROD10287,Beauty,1000,37,8,49
PROD10769,Unknown,1000,38,36,16
PROD10835,Home,1000,38,5,31
PROD10304,Home,1000,39,44,4
PROD10826,Fashion,1000,39,11,22
PROD10656,Electronics,1000,39,21,23
PROD10075,Home,1000,39,48,38
PROD10714,Fashion,1000,39,10,44
PROD11652,Beauty,1000,41,33,24
PROD11264,Home,1000,42,25,5
PROD10457,Home,1000,42,5,25
PROD10832,Electronics,1000,42,47,27
PROD11272,Beauty,1000,42,29,34
PROD10979,Beauty,1000,42,37,39
PROD11373,Electronics,1000,42,7,46
PROD10792,Unknown,1000,43,11,11
PROD11458,Electronics,1000,43,12,11
PROD11831,Electronics,1000,43,9,33
PROD10954,Home,1000,43,7,42
PROD11233,Beauty,1000,44,29,30
PROD11862,Home,1000,45,10,19
PROD11576,Beauty,1000,46,15,42
PROD11590,Beauty,1000,47,34,14
PROD11606,Unknown,1000,47,3,27
PROD10266,Fashion,1000,47,20,39
PROD11489,Fashion,1000,47,29,43
PROD11854,Home,1000,48,45,10
PROD11422,Electronics,1000,48,31,37
PROD10246,Electronics,1000,48,44,39
PROD10426,Beauty,1000,48,25,47
PROD10955,Electronics,1000,49,47,3
PROD10146,Beauty,1000,49,20,18
PROD11925,Electronics,1000,49,48,28
PROD11462,Fashion,1000,50,21,19
PROD10748,Fashion,1000,50,37,36
PROD11415,Beauty,1000,51,42,28
PROD11603,Unknown,1000,51,20,47
PROD10543,Fashion,1000,52,41,19
PROD11493,Electronics,1000,52,11,23
PROD10898,Electronics,1000,52,18,29
PROD11492,Fashion,1000,52,12,33
PROD10180,Fashion,1000,52,42,47
PROD10104,Unknown,1000,52,38,49
PROD11241,Fashion,1000,53,5,19
PROD11390,Electronics,1000,53,10,23
PROD10295,Home,1000,53,21,25
PROD10615,Unknown,1000,53,32,28
PROD10062,Electronics,1000,53,22,39
PROD11442,Beauty,1000,54,24,35
PROD11016,Electronics,1000,55,42,20
PROD11955,Home,1000,55,43,33
PROD10289,Electronics,1000,56,26,4
PROD10498,Electronics,1000,56,6,16
PROD10549,Unknown,1000,56,25,28
PROD11227,Unknown,1000,56,22,29
PROD11039,Home,1000,56,22,40
PROD11062,Unknown,1000,57,36,37
PROD10667,Home,1000,59,19,11
PROD11809,Electronics,1000,59,2,15
PROD11858,Fashion,1000,59,28,22
PROD10781,Home,1000,59,45,22
PROD11336,Beauty,1000,59,5,26
PROD10556,Home,1000,60,24,2
PROD11654,Fashion,1000,60,18,17
PROD10689,Home,1000,60,19,46
PROD11786,Electronics,1000,61,8,4
PROD10323,Home,1000,61,14,26
PROD11155,Home,1000,61,34,31
PROD10141,Electronics,1000,61,11,37
PROD11081,Fashion,1000,61,14,41
PROD11676,Home,1000,61,20,44
PROD10640,Home,1000,61,36,44
PROD10182,Home,1000,62,2,24
PROD11148,Electronics,1000,62,40,42
PROD10054,Home,1000,63,11,16
PROD10010,Fashion,1000,65,43,9
PROD10088,Home,1000,65,15,13
PROD10085,Electronics,1000,65,8,19
PROD10812,Beauty,1000,65,21,30
PROD11725,Home,1000,66,46,21
PROD11818,Electronics,1000,66,4,28
PROD10079,Electronics,1000,66,28,31
PROD10625,Unknown,1000,67,20,16
PROD10087,Electronics,1000,67,20,22
PROD10778,Fashion,1000,67,20,30
PROD11875,Beauty,1000,68,8,15
PROD11896,Electronics,1000,68,14,22
PROD11443,Fashion,1000,68,45,34
PROD10142,Beauty,1000,69,41,3
PROD11137,Electronics,1000,69,2,16
PROD10875,Electronics,1000,70,20,16
PROD10499,Electronics,1000,70,17,29
PROD11382,Beauty,1000,70,22,29
PROD10692,Fashion,1000,71,25,11
PROD11325,Electronics,1000,71,47,14
PROD11446,Beauty,1000,71,28,29
PROD11205,Fashion,1000,73,27,33
PROD10794,Beauty,1000,74,42,8
PROD10022,Fashion,1000,74,35,49
PROD10660,Fashion,1000,75,6,6
PROD11438,Electronics,1000,75,18,19
PROD10199,Beauty,1000,75,4,25
PROD11409,Fashion,1000,75,49,38
PROD11464,Beauty,1000,75,6,48
PROD11799,Beauty,1000,76,38,8
PROD11867,Home,1000,76,7,10
PROD10638,Electronics,1000,76,27,47
PROD11811,Beauty,1000,76,30,49
PROD10560,Electronics,1000,77,8,7
PROD11157,Unknown,1000,77,13,11
PROD10376,Fashion,1000,77,2,20
PROD10787,Home,1000,77,11,39
PROD11154,Home,1000,77,39,48
PROD11833,Home,1000,78,14,13
PROD11943,Fashion,1000,78,45,20
PROD10691,Beauty,1000,78,2,26
PROD11080,Home,1000,78,23,33
PROD10105,Electronics,1000,78,42,39
PROD10250,Fashion,1000,78,18,43
PROD10772,Electronics,1000,79,10,9
PROD10686,Electronics,1000,79,10,34
PROD11200,Unknown,1000,79,29,34
PROD11108,Home,1000,79,34,45
PROD10510,Fashion,1000,80,3,4
PROD11715,Beauty,1000,80,21,42
PROD10460,Electronics,1000,81,24,6
PROD11245,Beauty,1000,81,18,16
PROD11705,Home,1000,81,32,26
PROD11566,Home,1000,82,6,22
PROD10411,Electronics,1000,82,24,46
PROD11397,Home,1000,84,34,12
PROD10177,Beauty,1000,84,15,22
PROD10505,Fashion,1000,84,44,31
PROD11749,Fashion,1000,84,39,33
PROD10166,Home,1000,84,15,47
PROD10364,Home,1000,85,17,3
PROD10221,Electronics,1000,85,19,8
PROD11908,Electronics,1000,85,22,41
PROD11132,Beauty,1000,85,35,46
PROD11623,Beauty,1000,86,23,8
PROD10160,Electronics,1000,86,23,48
PROD11901,Electronics,1000,88,49,8
PROD10903,Unknown,1000,88,26,10
PROD10931,Electronics,1000,88,11,27
PROD11741,Electronics,1000,88,48,44
PROD10641,Fashion,1000,88,17,49
PROD10956,Home,1000,89,15,17
PROD10188,Electronics,1000,89,3,32
PROD11526,Unknown,1000,89,37,37
PROD10891,Electronics,1000,90,33,12
PROD11485,Electronics,1000,90,37,22
PROD11199,Home,1000,90,7,35
PROD10135,Electronics,1000,90,29,44
PROD10896,Beauty,1000,90,17,47
PROD10968,Fashion,1000,91,26,30
PROD10002,Unknown,1000,91,37,36
PROD10259,Home,1000,91,17,48
PROD10647,Electronics,1000,92,11,8
PROD10514,Home,1000,92,28,15
PROD11179,Home,1000,92,20,23
PROD11689,Electronics,1000,92,25,36
PROD11209,Fashion,1000,93,31,3
PROD10621,Home,1000,93,35,11
PROD11779,Electronics,1000,93,15,17
PROD11500,Home,1000,94,23,6
PROD10369,Electronics,1000,94,9,8
PROD10501,Home,1000,94,31,26
PROD11215,Electronics,1000,94,31,49
PROD10469,Beauty,1000,95,30,2
PROD10997,Home,1000,95,24,13
PROD10039,Beauty,1000,95,41,21
PROD11794,Fashion,1000,95,16,34
PROD10040,Fashion,1000,96,47,5
PROD10219,Electronics,1000,96,49,12
PROD11351,Fashion,1000,96,20,31
PROD10757,Electronics,1000,97,3,29
PROD11008,Electronics,1000,97,46,46
PROD11312,Beauty,1000,98,18,23
PROD10909,Home,1000,99,20,25
PROD10081,Home,1000,99,13,37
PROD11022,Electronics,1000,99,11,38
PROD11321,Fashion,2000,5,24,3
PROD10922,Home,2000,5,38,47
PROD11393,Beauty,2000,6,28,14
PROD10796,Unknown,2000,6,47,18
PROD10842,Fashion,2000,6,26,20
PROD11417,Home,2000,6,32,23
PROD11796,Fashion,2000,6,17,31
PROD11128,Home,2000,6,49,31
PROD10919,Electronics,2000,6,23,41
PROD11878,Beauty,2000,6,11,44
PROD11085,Unknown,2000,6,29,48
PROD10201,Beauty,2000,7,31,31
PROD11942,Electronics,2000,7,49,35
PROD11598,Electronics,2000,7,42,36
PROD10637,Electronics,2000,7,37,41
PROD10630,Home,2000,7,13,42
PROD10402,Home,2000,8,10,6
PROD10008,Beauty,2000,8,49,10
PROD10901,Beauty,2000,8,36,34
PROD10564,Unknown,2000,8,23,49
PROD10509,Electronics,2000,9,46,2
PROD11514,Electronics,2000,9,9,20
PROD10753,Fashion,2000,9,20,30
PROD10298,Fashion,2000,9,45,46
PROD11753,Fashion,2000,10,3,10
PROD10397,Home,2000,10,6,26
PROD11971,Fashion,2000,10,22,37
PROD10981,Electronics,2000,11,33,7
PROD10808,Electronics,2000,11,14,44
PROD10082,Home,2000,12,30,22
PROD11113,Beauty,2000,12,6,26
PROD11537,Beauty,2000,12,19,46
PROD10963,Fashion,2000,13,30,6
PROD11944,Beauty,2000,13,36,35
PROD11363,Fashion,2000,13,13,48
PROD10649,Home,2000,14,15,18
PROD11929,Beauty,2000,14,45,28
PROD10729,Home,2000,15,37,2
PROD10068,Home,2000,15,18,3
PROD11864,Unknown,2000,15,25,18
PROD11431,Home,2000,15,17,24
PROD11474,Fashion,2000,15,35,31
PROD10149,Electronics,2000,15,39,37
PROD10750,Beauty,2000,16,44,14
PROD11343,Beauty,2000,16,49,14
PROD10484,Home,2000,16,29,19
PROD11013,Electronics,2000,16,38,27
PROD11932,Electronics,2000,16,7,43
PROD11758,Electronics,2000,17,5,9
PROD11346,Fashion,2000,17,44,19
PROD10785,Electronics,2000,17,19,26
PROD10379,Electronics,2000,18,16,5
PROD11004,Electronics,2000,18,5,26
PROD10502,Beauty,2000,18,22,33
PROD10427,Home,2000,18,12,34
PROD10368,Electronics,2000,18,14,48
PROD11107,Home,2000,19,3,5
PROD10110,Electronics,2000,19,8,5
PROD10688,Electronics,2000,19,41,7
PROD10418,Electronics,2000,19,45,20
PROD11508,Electronics,2000,19,25,24
PROD11344,Electronics,2000,19,5,38
PROD10349,Electronics,2000,19,3,46
PROD10171,Unknown,2000,20,49,18
PROD11927,Beauty,2000,20,28,24
PROD10524,Fashion,2000,20,24,30
PROD10095,Electronics,2000,20,4,42
PROD11267,Unknown,2000,20,47,44
PROD11959,Beauty,2000,20,3,49
PROD10473,Electronics,2000,21,38,13
PROD11105,Electronics,2000,21,34,25
PROD11341,Electronics,2000,21,38,46
PROD10097,Beauty,2000,22,22,8
PROD10843,Fashion,2000,22,27,12
PROD10300,Home,2000,22,43,20
PROD10572,Electronics,2000,22,10,25
PROD10111,Electronics,2000,22,45,37
PROD10015,Unknown,2000,23,19,9
PROD11865,Unknown,2000,23,2,14
PROD10102,Electronics,2000,23,48,28
PROD11541,Electronics,2000,24,47,8
PROD10477,Unknown,2000,24,36,13
PROD10906,Unknown,2000,24,27,19
PROD11844,Home,2000,24,16,38
PROD11657,Beauty,2000,25,37,9
PROD10093,Fashion,2000,25,33,16
PROD10198,Electronics,2000,26,43,13
PROD11463,Electronics,2000,26,24,36
PROD11218,Home,2000,27,5,12
PROD11286,Fashion,2000,27,43,25
PROD11825,Home,2000,27,4,45
PROD10269,Beauty,2000,28,10,33
PROD10558,Electronics,2000,28,27,42
PROD10208,Unknown,2000,28,41,49
PROD10029,Beauty,2000,29,26,2
PROD11354,Unknown,2000,29,46,4
PROD11428,Beauty,2000,29,3,15
PROD11829,Unknown,2000,29,27,16
PROD10286,Home,2000,30,23,16
PROD10241,Home,2000,30,11,27
PROD11510,Unknown,2000,30,37,43
PROD10516,Electronics,2000,30,46,49
PROD10655,Fashion,2000,31,18,9
PROD11047,Electronics,2000,31,17,28
PROD11398,Electronics,2000,31,6,32
PROD10938,Electronics,2000,31,35,33
PROD11868,Home,2000,31,6,47
PROD11964,Home,2000,33,7,10
PROD10575,Fashion,2000,33,33,25
PROD11487,Unknown,2000,33,6,33
PROD11449,Electronics,2000,34,7,3
PROD11738,Home,2000,34,28,8
PROD11296,Beauty,2000,34,35,15
PROD10248,Unknown,2000,34,33,26
PROD11830,Electronics,2000,34,33,31
PROD10889,Fashion,2000,35,37,32
PROD11334,Beauty,2000,35,8,39
PROD11762,Beauty,2000,36,33,36
PROD10072,Electronics,2000,36,7,40
PROD10147,Fashion,2000,36,47,42
PROD10847,Electronics,2000,36,34,44
PROD10833,Fashion,2000,36,14,49
PROD10984,Electronics,2000,37,18,15
PROD11220,Electronics,2000,37,37,23
PROD11746,Fashion,2000,37,12,28
PROD10488,Beauty,2000,38,12,8
PROD11722,Beauty,2000,38,28,17
PROD10327,Fashion,2000,38,31,17
PROD10965,Home,2000,38,18,27
PROD11805,Electronics,2000,38,35,29
PROD11468,Home,2000,38,7,48
PROD10405,Unknown,2000,38,46,48
PROD11528,Beauty,2000,39,29,2
PROD10200,Home,2000,39,48,4
PROD10415,Electronics,2000,39,14,10
PROD10737,Beauty,2000,39,9,38
PROD10337,Electronics,2000,39,9,48
PROD10150,Electronics,2000,40,23,33
PROD10740,Beauty,2000,41,9,25
PROD11678,Fashion,2000,41,37,31
PROD10089,Unknown,2000,41,22,32
PROD10156,Fashion,2000,41,8,36
PROD10438,Home,2000,41,24,43
PROD10599,Fashion,2000,41,34,48
PROD11093,Home,2000,41,48,49
PROD10995,Electronics,2000,42,28,14
PROD10978,Unknown,2000,42,24,23
PROD10100,Electronics,2000,42,48,35
PROD10728,Home,2000,43,8,25
PROD10930,Electronics,2000,43,8,41
PROD10929,Electronics,2000,44,4,3
PROD11266,Unknown,2000,44,22,6
PROD10032,Beauty,2000,44,11,9
PROD10139,Unknown,2000,44,7,17
PROD10852,Beauty,2000,44,40,18
PROD10399,Home,2000,44,46,26
PROD11208,Home,2000,44,23,42
PROD10684,Home,2000,45,8,16
PROD10386,Home,2000,45,25,23
PROD10957,Beauty,2000,45,20,30
PROD11202,Electronics,2000,45,43,39
PROD10354,Home,2000,46,13,7
PROD11467,Home,2000,46,37,9
PROD10734,Unknown,2000,46,2,10
PROD10092,Electronics,2000,47,15,5
PROD10960,Beauty,2000,47,13,24
PROD10519,Unknown,2000,47,20,38
PROD11846,Fashion,2000,48,48,8
PROD11279,Electronics,2000,48,33,35
PROD11033,Electronics,2000,48,35,48
PROD11687,Unknown,2000,49,22,9
PROD10319,Home,2000,49,24,16
PROD10866,Fashion,2000,49,8,22
PROD10780,Electronics,2000,49,33,23
PROD11538,Home,2000,49,34,32
PROD11765,Electronics,2000,49,36,32
PROD10203,Electronics,2000,49,29,46
PROD11520,Unknown,2000,49,17,47
PROD11143,Beauty,2000,50,6,14
PROD11816,Home,2000,50,15,15
PROD11634,Fashion,2000,50,2,22
PROD11515,Electronics,2000,50,38,46
PROD10590,Electronics,2000,51,10,7
PROD11261,Electronics,2000,51,4,12
PROD11444,Electronics,2000,51,20,33
PROD10932,Electronics,2000,51,32,46
PROD11239,Beauty,2000,52,7,40
PROD11622,Beauty,2000,53,46,20
PROD11086,Unknown,2000,53,49,44
PROD10570,Fashion,2000,54,42,10
PROD11614,Home,2000,54,43,18
PROD11631,Home,2000,54,15,21
PROD11708,Beauty,2000,54,33,22
PROD10635,Electronics,2000,54,18,31
PROD11647,Home,2000,54,44,48
PROD10610,Electronics,2000,55,36,9
PROD10016,Electronics,2000,55,46,41
PROD10679,Electronics,2000,55,49,41
PROD10190,Fashion,2000,56,11,3
PROD11879,Home,2000,56,38,22
PROD11839,Electronics,2000,56,48,27
PROD10800,Fashion,2000,56,17,28
PROD11898,Electronics,2000,56,10,32
PROD10776,Unknown,2000,57,32,10
PROD10330,Unknown,2000,57,22,25
PROD10282,Electronics,2000,57,23,26
PROD10790,Beauty,2000,58,26,15
PROD10320,Electronics,2000,58,38,25
PROD11585,Beauty,2000,58,9,34
PROD10293,Electronics,2000,58,10,38
PROD10121,Fashion,2000,59,40,17
PROD10525,Electronics,2000,59,19,20
PROD11813,Beauty,2000,59,2,22
PROD10178,Home,2000,60,17,22
PROD10732,Unknown,2000,60,33,39
PROD10001,Beauty,2000,61,14,4
PROD11728,Home,2000,61,5,11
PROD11744,Home,2000,61,15,16
PROD10859,Electronics,2000,61,39,17
PROD10252,Electronics,2000,62,36,6
PROD11633,Fashion,2000,62,34,14
PROD10886,Beauty,2000,62,24,32
PROD11206,Home,2000,62,40,40
PROD11201,Fashion,2000,63,12,5
PROD10877,Home,2000,63,45,45
PROD10895,Electronics,2000,64,33,15
PROD11095,Electronics,2000,64,36,26
PROD11670,Beauty,2000,64,3,27
PROD10226,Electronics,2000,64,32,31
PROD10279,Home,2000,64,10,37
PROD11883,Home,2000,64,46,41
PROD10027,Home,2000,65,16,7
PROD11327,Home,2000,65,11,10
PROD10775,Home,2000,65,48,14
PROD10910,Electronics,2000,65,44,41
PROD11211,Fashion,2000,65,34,48
PROD11338,Beauty,2000,66,16,9
PROD11280,Electronics,2000,66,48,22
PROD11263,Fashion,2000,66,16,33
PROD10783,Fashion,2000,66,29,35
PROD10262,Home,2000,67,23,6
PROD11192,Beauty,2000,67,3,14
PROD10018,Home,2000,67,21,24
PROD11653,Unknown,2000,67,17,38
PROD10357,Electronics,2000,68,47,26
PROD11429,Home,2000,68,45,35
PROD10892,Home,2000,68,35,37
PROD11389,Electronics,2000,68,14,41
PROD11702,Fashion,2000,69,38,21
PROD11882,Electronics,2000,69,44,31
PROD10814,Home,2000,69,28,40
PROD10007,Electronics,2000,69,16,46
PROD10701,Electronics,2000,69,19,48
PROD10205,Home,2000,70,14,8
PROD11440,Electronics,2000,70,20,11
PROD10950,Home,2000,70,30,17
PROD11153,Home,2000,71,27,3
PROD11400,Electronics,2000,71,10,12
PROD11116,Electronics,2000,71,5,39
PROD10676,Electronics,2000,71,18,41
PROD11714,Fashion,2000,72,21,28
PROD11358,Electronics,2000,72,3,32
PROD10047,Beauty,2000,72,5,48
PROD10400,Beauty,2000,74,2,23
PROD11392,Electronics,2000,75,46,21
PROD10059,Electronics,2000,75,30,25
PROD10600,Beauty,2000,75,49,30
PROD10992,Beauty,2000,75,27,36
PROD10458,Electronics,2000,75,26,38
PROD10681,Electronics,2000,76,44,5
PROD10005,Beauty,2000,76,39,15
PROD10271,Electronics,2000,76,2,23
PROD11228,Beauty,2000,76,14,26
PROD10322,Unknown,2000,76,18,39
PROD10162,Home,2000,76,19,41
PROD11891,Electronics,2000,76,5,43
PROD10362,Fashion,2000,77,14,11
PROD10222,Electronics,2000,77,39,12
PROD11540,Electronics,2000,77,10,15
PROD10883,Fashion,2000,77,46,21
PROD10651,Fashion,2000,77,11,24
PROD11111,Fashion,2000,77,49,27
PROD10853,Electronics,2000,78,10,2
PROD11237,Fashion,2000,78,32,13
PROD10654,Beauty,2000,78,46,27
PROD10716,Electronics,2000,78,18,36
PROD11842,Fashion,2000,78,15,37
PROD10412,Home,2000,79,40,4
PROD10326,Fashion,2000,79,29,5
PROD10744,Fashion,2000,79,9,9
PROD11957,Home,2000,79,37,11
PROD11258,Home,2000,79,48,15
PROD11685,Unknown,2000,79,41,25
PROD11841,Electronics,2000,80,31,9
PROD11190,Electronics,2000,80,29,11
PROD10917,Beauty,2000,80,13,16
PROD11807,Unknown,2000,80,32,18
PROD11592,Home,2000,80,35,25
PROD11040,Home,2000,80,31,32
PROD11376,Beauty,2000,81,18,22
PROD10249,Electronics,2000,82,33,35
PROD10374,Home,2000,82,49,43
PROD11387,Electronics,2000,83,28,16
PROD10715,Fashion,2000,83,25,21
PROD10028,Electronics,2000,83,25,33
PROD10949,Fashion,2000,83,12,43
PROD11899,Fashion,2000,84,13,19
PROD11512,Home,2000,84,16,19
PROD10927,Beauty,2000,84,7,28
PROD10537,Unknown,2000,84,10,30
PROD10129,Home,2000,85,12,17
PROD11036,Fashion,2000,85,17,31
PROD11764,Electronics,2000,85,43,31
PROD10943,Home,2000,85,46,33
PROD10807,Electronics,2000,85,16,40
PROD11483,Electronics,2000,85,4,42
PROD11103,Electronics,2000,85,16,43
PROD10799,Unknown,2000,85,20,46
PROD11664,Fashion,2000,86,20,22
PROD11262,Electronics,2000,87,11,39
PROD11752,Unknown,2000,87,21,45
PROD11580,Fashion,2000,88,42,49
PROD11815,Electronics,2000,89,4,4
PROD10977,Home,2000,89,28,4
PROD10533,Unknown,2000,89,35,5
PROD11364,Beauty,2000,89,14,16
PROD10597,Electronics,2000,89,49,19
PROD11452,Electronics,2000,89,13,36
PROD10614,Electronics,2000,90,49,16
PROD11420,Beauty,2000,90,16,39
PROD11755,Electronics,2000,91,9,16
PROD10117,Beauty,2000,91,4,45
PROD11383,Unknown,2000,92,7,3
PROD11780,Electronics,2000,92,49,6
PROD11536,Fashion,2000,92,10,27
PROD10858,Fashion,2000,92,2,42
PROD11600,Home,2000,93,48,21
PROD11041,Home,2000,94,21,15
PROD10508,Electronics,2000,94,23,19
PROD10813,Electronics,2000,95,4,20
PROD11910,Electronics,2000,95,36,21
PROD11131,Electronics,2000,95,24,27
PROD11159,Electronics,2000,95,13,37
PROD10702,Home,2000,95,30,38
PROD11531,Home,2000,95,44,45
PROD11981,Home,2000,95,35,46
PROD11015,Fashion,2000,96,48,11
PROD11876,Home,2000,96,33,22
PROD10645,Fashion,2000,96,34,26
PROD11804,Electronics,2000,96,49,33
PROD11886,Beauty,2000,97,24,2
PROD11138,Fashion,2000,97,42,6
PROD10114,Fashion,2000,97,37,17
PROD10468,Home,2000,97,34,47
PROD11152,Fashion,2000,97,20,49
PROD11250,Unknown,2000,98,27,17
PROD11941,Electronics,2000,98,15,36
PROD10332,Beauty,2000,98,4,40
PROD11649,Unknown,2000,99,20,3
PROD11251,Electronics,2000,99,26,25
PROD11880,Electronics,2000,99,34,29
PROD10620,Home,2000,99,17,38
PROD11912,Electronics,2000,99,41,38
